fonction_collaborateur;representants_id;collaborateur
Président;118;M LOTTEAU Laurent
Directeur du Pôle conseil;118;M BRACQ David
Consultant;118;M SENCE Erwan
Directrice générale adjointe;118;MME LASOU Eleonor
Consultante;118;MME LENNE Audrey
Aucune information disponible;118;MME FERRAN Laurene
Aucune information disponible;118;MME AILANE Sophia
Aucune information disponible;118;MME DANILEIKO Svetlana
Aucune information disponible;118;M VESSELINOFF Maxime
Aucune information disponible;118;MME BOEUF Manon
Aucune information disponible;118;MME ARRAS Ghania
Aucune information disponible;118;MME JARRY Chloé
Aucune information disponible;118;M BOUKHATEM Matthieu
